{
  "Jupiter": {
    "b": -0.00012452,
    "c": 0.06064060,
    "s": -0.35635438,
    "f": 38.35125000
  },
  "Saturn": {
    "b": 0.00025899,
    "c": -0.13434469,
    "s": 0.87320147,
    "f": 38.35125000
  },
  "Uranus": {
    "b": 0.00058331,
    "c": -0.97731848,
    "s": 0.17689245,
    "f": 7.67025000
  },
  "Neptune": {
    "b": -0.00041348,
    "c": 0.68346318,
    "s": -0.10162547,
    "f": 7.67025000
  },
  "Pluto": {
    "b": -0.01262724,
    "c": null,
    "s": null,
    "f": null
  }
}