{
  "Mercury": {
    "name": "Mercury",
    "a": 0.38709927,
    "a_Cy": 3.7e-7,
    "e": 0.20563593,
    "e_Cy": 0.00001906,
    "I": 7.00497902,
    "I_Cy": -0.00594749,
    "L": 252.2503235,
    "L_Cy": 149472.67411175,
    "w": 77.45779628,
    "w_Cy": 0.16047689,
    "node": 48.33076593,
    "node_Cy": -0.12534081
  },
  "Venus": {
    "name": "Venus",
    "a": 0.72333566,
    "a_Cy": 0.0000039,
    "e": 0.00677672,
    "e_Cy": -0.00004107,
    "I": 3.39467605,
    "I_Cy": -0.0007889,
    "L": 181.9790995,
    "L_Cy": 58517.81538729,
    "w": 131.60246718,
    "w_Cy": 0.00268329,
    "node": 76.67984255,
    "node_Cy": -0.27769418
  },
  "Earth": {
    "name": "Earth",
    "a": 1.00000261,
    "a_Cy": 0.00000562,
    "e": 0.01671123,
    "e_Cy": -0.00004392,
    "I": -0.00001531,
    "I_Cy": -0.01294668,
    "L": 100.46457166,
    "L_Cy": 35999.37244981,
    "w": 102.93768193,
    "w_Cy": 0.32327364,
    "node": 0,
    "node_Cy": 0
  },
  "Mars": {
    "name": "Mars",
    "a": 1.52371034,
    "a_Cy": 0.00001847,
    "e": 0.0933941,
    "e_Cy": 0.00007882,
    "I": 1.84969142,
    "I_Cy": -0.00813131,
    "L": -4.55343205,
    "L_Cy": 19140.30268499,
    "w": -23.94362959,
    "w_Cy": 0.44441088,
    "node": 49.55953891,
    "node_Cy": -0.29257343
  },
  "Jupiter": {
    "name": "Jupiter",
    "a": 5.202887,
    "a_Cy": -0.00011607,
    "e": 0.04838624,
    "e_Cy": -0.00013253,
    "I": 1.30439695,
    "I_Cy": -0.00183714,
    "L": 34.39644051,
    "L_Cy": 3034.74612775,
    "w": 14.72847983,
    "w_Cy": 0.21252668,
    "node": 100.47390909,
    "node_Cy": 0.20469106
  },
  "Saturn": {
    "name": "Saturn",
    "a": 9.53667594,
    "a_Cy": -0.0012506,
    "e": 0.05386179,
    "e_Cy": -0.00050991,
    "I": 2.48599187,
    "I_Cy": 0.00193609,
    "L": 49.95424423,
    "L_Cy": 1222.49362201,
    "w": 92.59887831,
    "w_Cy": -0.41897216,
    "node": 113.66242448,
    "node_Cy": -0.28867794
  },
  "Uranus": {
    "name": "Uranus",
    "a": 19.18916464,
    "a_Cy": -0.00196176,
    "e": 0.04725744,
    "e_Cy": -0.00004397,
    "I": 0.77263783,
    "I_Cy": -0.00242939,
    "L": 313.23810451,
    "L_Cy": 428.48202785,
    "w": 170.9542763,
    "w_Cy": 0.40805281,
    "node": 74.01692503,
    "node_Cy": 0.04240589
  },
  "Neptune": {
    "name": "Neptune",
    "a": 30.06992276,
    "a_Cy": 0.00026291,
    "e": 0.00859048,
    "e_Cy": 0.00005105,
    "I": 1.77004347,
    "I_Cy": 0.00035372,
    "L": -55.12002969,
    "L_Cy": 218.45945325,
    "w": 44.96476227,
    "w_Cy": -0.32241464,
    "node": 131.78422574,
    "node_Cy": -0.00508664
  }
}